{"cameraMode":{"drawMode":0,"name":"Shaded","section":"Shading Mode"},"sceneLighting":false,"audioPlay":false,"sceneViewState":{"showFog":true,"showMaterialUpdate":false,"showSkybox":false,"showFlares":true,"showImageEffects":true,"showParticleSystems":true},"in2DMode":false,"pivot":{"x":-0.0032495856285095217,"y":0.03483390808105469,"z":-0.12332108616828919},"rotation":{"x":-0.19012153148651124,"y":-0.5118874907493591,"z":0.1173253282904625,"w":-0.8294961452484131},"size":1.5974079370498658,"orthographic":false}