{"cameraMode":{"drawMode":0,"name":"Shaded","section":"Shading Mode"},"sceneLighting":false,"audioPlay":false,"sceneViewState":{"showFog":true,"showMaterialUpdate":false,"showSkybox":true,"showFlares":true,"showImageEffects":true,"showParticleSystems":true},"in2DMode":false,"pivot":{"x":16.52606201171875,"y":-0.1731557846069336,"z":18.068214416503908},"rotation":{"x":-0.4367835819721222,"y":0.13723941147327424,"z":-0.06762249767780304,"w":-0.8864677548408508},"size":69.22210693359375,"orthographic":false}